capacidade,conflict_id
Identity,3429
Identity,3433
Identity,3506
Identity,3512
Customer/Party,3100
Customer/Party,3104
Customer/Party,3133
Accounts,2386
Accounts,2390
Accounts,2445
Accounts,2474
Accounts,2478
Accounts,2503
Ledger,3654
Ledger,3658
Ledger,3691
Ledger,3693
Ledger,3694
Transactions,4336
Transactions,4340
Transactions,4358
Reconciliation,4129
Reconciliation,4133
Reconciliation,4153
Payments,607
Payments,687
Payments,701
Payments,708
Payments,1310
Payments,1406
Payments,1470
Payments,1559
Payments,2386
Payments,2474
Payments,2757
Payments,3100
Payments,3287
Payments,3429
Payments,3654
Payments,3765
Payments,3852
Payments,3983
Payments,4016
Payments,4129
Payments,4336
Pix,4016
Pix,4020
Pix,4038
Audit Trail,3
Audit Trail,12
Audit Trail,19
